;1;261;6;13;14;16;20;25;288;36;295;42;45;304;51;307;54;311;312;314;315;64;65;323;324;69;71;73;330;75;77;333;334;79;335;80;337;83;85;87;89;91;93;94;95;98;355;356;107;110;111;115;374;119;375;120;121;122;123;124;127;390;392;137;399;401;402;156;417;162;164;425;427;428;431;436;180;437;181;439;185;449;193;197;198;211;468;469;216;220;221;223;229;231;232;234;236;239;244;249;250;251
1;0;7728;2012;6492;6332;4639;6601;6325;3839;7351;2714;5232;5379;4629;5175;4178;5019;4465;4578;4897;5243;7075;7145;4886;5052;6843;6479;7113;4603;7077;7005;2957;4317;6848;4239;6885;3801;7010;7648;7486;6470;4658;4666;4693;4840;5212;3648;3513;6912;6831;6858;6944;5149;6813;5460;6736;6789;6664;6588;6606;6768;8000;5581;5444;5862;5756;6993;7025;3625;6254;4854;3745;6950;5655;6826;6129;4698;6170;4932;7146;6530;6984;7352;6765;6819;6401;4653;3065;8025;9160;6777;5243;7474;7504;7582;7933;7722;6679;7330;5090;4982;4905
261;7831;0;5900;6866;6706;5013;6975;6699;6202;7725;5238;5606;5753;5003;5549;4552;5393;4839;4952;5271;5482;7449;7519;2930;5426;7217;6853;7487;4977;7451;7379;5329;4556;7222;4613;7259;4040;7384;8022;7860;6844;5032;5040;5067;5214;5586;4509;4404;7286;7205;7232;7318;5388;7187;2322;7110;7163;7038;6962;6980;7142;8374;5820;5818;6236;6130;7367;7399;4281;6628;5228;6269;7324;6029;7200;6503;5072;6544;5306;7520;6904;7358;7726;7139;7193;6775;5027;5204;8399;9534;7151;5617;7848;7878;7956;8307;8096;7053;7704;5464;5356;5279
6;1931;5716;0;4480;4320;2627;4589;4313;1827;5339;702;3220;3367;2617;3163;2166;3007;2453;2566;2885;3231;5063;5133;2874;3040;4831;4467;5101;2591;5065;4993;945;2305;4836;2227;4873;1789;4998;5636;5474;4458;2646;2654;2681;2828;3200;1636;1501;4900;4819;4846;4932;3137;4801;3448;4724;4777;4652;4576;4594;4756;5988;3569;3432;3850;3744;4981;5013;1613;4242;2842;1733;4938;3643;4814;4117;2686;4158;2920;5134;4518;4972;5340;4753;4807;4389;2641;1053;6013;7148;4765;3231;5462;5492;5570;5921;5710;4667;5318;3078;2970;2893
13;6243;6814;4312;0;142;2589;1724;1448;4614;2188;3650;2009;2156;3144;1794;2476;1560;2763;2876;3195;4329;927;997;3972;3291;351;1602;621;3118;929;857;3741;3403;1971;2754;2008;2887;2133;1500;1338;1593;2787;2616;2643;2790;1989;2650;2816;764;683;710;796;4235;665;4546;588;641;516;440;458;620;1852;4667;2221;985;879;837;533;2693;1377;1964;4681;2073;1914;678;903;1964;795;2198;1217;1367;836;1204;1888;1942;1524;3168;3616;1877;4283;848;2020;1326;1356;1434;1785;1574;750;1401;1867;1759;1682
14;6101;6672;4170;160;0;2447;1582;1306;4472;2046;3508;1867;2014;3002;1652;2334;1418;2621;2734;3053;4187;785;855;3830;3149;511;1460;781;2976;787;715;3599;3261;1829;2612;1866;2745;1991;1358;1196;1451;2645;2474;2501;2648;1847;2508;2674;622;541;568;654;4093;523;4404;446;499;374;298;316;478;1710;4525;2079;843;737;703;693;2551;1235;1822;4539;1931;1772;536;761;1822;653;2056;1075;1225;694;1062;1746;1800;1382;3026;3474;1735;4141;706;1878;1184;1214;1292;1643;1432;608;1259;1725;1617;1540
16;4739;5310;2808;3345;3185;0;3454;3178;3110;4204;2146;2085;2232;1640;2028;1031;1872;1318;1431;1750;2825;3928;3998;2468;936;3696;3332;3966;1614;3930;3858;2237;1899;3701;1250;3738;1383;3863;4501;4339;3323;432;261;162;309;2065;1146;1312;3765;3684;3711;3797;2731;3666;3042;3589;3642;3517;3441;3459;3621;4853;3163;2297;2715;2609;3846;3878;1189;3107;1707;3177;3803;2508;3679;2982;1551;3023;1785;3999;3383;3837;4205;3618;3672;3254;1664;2112;4878;6013;3630;2096;4327;4357;4435;4786;4575;3532;4183;1943;1835;1758
20;6227;6798;4296;1599;1439;2573;0;582;4598;2458;3634;1993;2140;3128;1778;2460;1544;2747;2860;3179;4313;2182;2252;3956;3275;1950;736;2220;3102;2184;2112;3725;3387;1578;2738;1615;2871;1740;2755;2593;1200;2771;2600;2627;2774;1973;2634;2800;2019;1938;1965;2051;4219;1920;4530;1843;1896;1771;1695;1713;1875;3107;4651;2205;969;863;2100;2132;2677;984;1948;4665;1680;1898;1933;1236;1948;1277;2182;2253;1637;2091;2459;1495;1549;658;3152;3600;3132;3890;1884;2004;2581;2611;2689;3040;2829;1786;2437;1851;1743;1666
22;5853;6424;3922;1225;1065;2199;433;75;4224;2084;3260;1619;1766;2754;1404;2086;1170;2373;2486;2805;3939;1808;1878;3582;2901;1576;238;1846;2728;1810;1738;3351;3013;1204;2364;1241;2497;1366;2381;2219;826;2397;2226;2253;2400;1599;2260;2426;1645;1564;1591;1677;3845;1546;4156;1469;1522;1397;1321;1339;1501;2733;4277;1831;595;489;1726;1758;2303;610;1574;4291;1306;1524;1559;862;1574;903;1808;1879;1263;1717;2085;1121;1175;151;2778;3226;2758;3516;1510;1630;2207;2237;2315;2666;2455;1412;2063;1477;1369;1292
25;5930;6501;3999;1302;1142;2276;510;0;4301;2161;3337;1696;1843;2831;1481;2163;1247;2450;2563;2882;4016;1885;1955;3659;2978;1653;292;1923;2805;1887;1815;3428;3090;1281;2441;1318;2574;1443;2458;2296;903;2474;2303;2330;2477;1676;2337;2503;1722;1641;1668;1754;3922;1623;4233;1546;1599;1474;1398;1416;1578;2810;4354;1908;672;566;1803;1835;2380;687;1651;4368;1383;1601;1636;939;1651;980;1885;1956;1340;1794;2162;1198;1252;76;2855;3303;2835;3593;1587;1707;2284;2314;2392;2743;2532;1489;2140;1554;1446;1369
288;3689;6045;1758;4809;4649;2956;4918;4642;0;5668;1096;3549;3696;2946;3492;2495;3336;2782;2895;3214;3560;5392;5462;3203;3369;5160;4796;5430;2920;5394;5322;934;2634;5165;2556;5202;2118;5327;5965;5803;4787;2975;2983;3010;3157;3529;1965;1830;5229;5148;5175;5261;3466;5130;3777;5053;5106;4981;4905;4923;5085;6317;3898;3761;4179;4073;5310;5342;1942;4571;3171;2127;5267;3972;5143;4446;3015;4487;3249;5463;4847;5301;5669;5082;5136;4718;2970;1042;6342;7477;5094;3560;5791;5821;5899;6250;6039;4996;5647;3407;3299;3222
290;3321;5677;1390;4441;4281;2588;4550;4274;388;5300;728;3181;3328;2578;3124;2127;2968;2414;2527;2846;3192;5024;5094;2835;3001;4792;4428;5062;2552;5026;4954;566;2266;4797;2188;4834;1750;4959;5597;5435;4419;2607;2615;2642;2789;3161;1597;1462;4861;4780;4807;4893;3098;4762;3409;4685;4738;4613;4537;4555;4717;5949;3530;3393;3811;3705;4942;4974;1574;4203;2803;1759;4899;3604;4775;4078;2647;4119;2881;5095;4479;4933;5301;4714;4768;4350;2602;674;5974;7109;4726;3192;5423;5453;5531;5882;5671;4628;5279;3039;2931;2854
36;6788;7359;4857;2160;2000;3134;2269;1993;5159;0;4195;2554;2701;3689;2339;3021;2105;3308;3421;3740;4874;2743;2813;4517;3836;2511;2147;2781;3663;2745;2673;4286;3948;2516;3299;2553;3432;2678;3316;3154;2138;3332;3161;3188;3335;2534;3195;3361;2580;2499;2526;2612;4780;2481;5091;2404;2457;2332;2256;2274;2436;3668;5212;2766;1530;1424;2661;2693;3238;1922;2509;5226;2618;2459;2494;1077;2509;1838;2743;2814;882;2652;3020;2433;2487;2069;3713;4161;3693;4828;2445;2565;3142;3172;3250;3601;3390;2347;2998;2412;2304;2227
295;2593;5014;662;3778;3618;1925;3887;3611;1125;4637;0;2518;2665;1915;2461;1464;2305;1751;1864;2183;2529;4361;4431;2172;2338;4129;3765;4399;1889;4363;4291;243;1603;4134;1525;4171;1087;4296;4934;4772;3756;1944;1952;1979;2126;2498;934;799;4198;4117;4144;4230;2435;4099;2746;4022;4075;3950;3874;3892;4054;5286;2867;2730;3148;3042;4279;4311;911;3540;2140;1031;4236;2941;4112;3415;1984;3456;2218;4432;3816;4270;4638;4051;4105;3687;1939;351;5311;6446;4063;2529;4760;4790;4868;5219;5008;3965;4616;2376;2268;2191
42;4813;5384;2882;1839;1679;1159;1948;1672;3184;2698;2220;0;147;1714;522;1046;366;1333;1446;1765;2899;2422;2492;2542;1861;2190;1826;2460;1688;2424;2352;2311;1973;2195;1324;2232;1457;2357;2995;2833;1817;1357;1186;1213;1360;410;1220;1386;2259;2178;2205;2291;2805;2160;3116;2083;2136;2011;1935;1953;2115;3347;3237;212;1209;1103;2340;2372;1263;1601;534;3251;2297;1002;2173;1476;534;1517;768;2493;1877;2331;2699;2112;2166;1748;1738;2186;3372;4507;2124;590;2821;2851;2929;3280;3069;2026;2677;209;180;252
45;4972;5543;3041;1998;1838;1318;2107;1831;3343;2857;2379;159;0;1873;681;1205;525;1492;1605;1924;3058;2581;2651;2701;2020;2349;1985;2619;1847;2583;2511;2470;2132;2354;1483;2391;1616;2516;3154;2992;1976;1516;1345;1372;1519;569;1379;1545;2418;2337;2364;2450;2964;2319;3275;2242;2295;2170;2094;2112;2274;3506;3396;65;1368;1262;2499;2531;1422;1760;693;3410;2456;1161;2332;1635;693;1676;927;2652;2036;2490;2858;2271;2325;1907;1897;2345;3531;4666;2283;749;2980;3010;3088;3439;3228;2185;2836;368;339;411
46;5000;5571;3069;1394;1234;1346;1503;1227;3371;2253;2407;766;913;1901;551;1233;317;1520;1633;1952;3086;1977;2047;2729;2048;1745;1381;2015;1875;1979;1907;2498;2160;1750;1511;1787;1644;1912;2550;2388;1372;1544;1373;1400;1547;746;1407;1573;1814;1733;1760;1846;2992;1715;3303;1638;1691;1566;1490;1508;1670;2902;3424;978;764;658;1895;1927;1450;1156;721;3438;1852;668;1728;1031;721;1072;955;2048;1432;1886;2254;1667;1721;1303;1925;2373;2927;4062;1679;777;2376;2406;2484;2835;2624;1581;2232;624;516;439
304;4334;4905;2403;3136;2976;1283;3245;2969;2705;3995;1741;1876;2023;0;1819;822;1663;1109;1222;1541;2420;3719;3789;2063;1658;3487;3123;3757;668;3721;3649;1832;1494;3492;351;3529;978;3654;4292;4130;3114;1264;1310;1337;1484;1856;741;907;3556;3475;3502;3588;2326;3457;2637;3380;3433;3308;3232;3250;3412;4644;2758;2088;2506;2400;3637;3669;784;2898;1498;2772;3594;2299;3470;2773;1342;2814;1576;3790;3174;3628;3996;3409;3463;3045;650;1707;4669;5804;3421;1887;4118;4148;4226;4577;4366;3323;3974;1734;1626;1549
51;4861;5432;2930;1714;1554;1207;1823;1547;3232;2573;2268;627;774;1762;0;1094;241;1381;1494;1813;2947;2297;2367;2590;1909;2065;1701;2335;1736;2299;2227;2359;2021;2070;1372;2107;1505;2232;2870;2708;1692;1405;1234;1261;1408;607;1268;1434;2134;2053;2080;2166;2853;2035;3164;1958;2011;1886;1810;1828;1990;3222;3285;839;1084;978;2215;2247;1311;1476;582;3299;2172;877;2048;1351;582;1392;816;2368;1752;2206;2574;1987;2041;1623;1786;2234;3247;4382;1999;638;2696;2726;2804;3155;2944;1901;2552;485;377;300
307;3938;4509;2007;2415;2255;562;2524;2248;2309;3274;1345;1155;1302;839;1098;0;942;287;400;719;2024;2998;3068;1667;1158;2766;2402;3036;813;3000;2928;1436;1098;2771;449;2808;582;2933;3571;3409;2393;760;589;616;763;1135;345;511;2835;2754;2781;2867;1930;2736;2241;2659;2712;2587;2511;2529;2691;3923;2362;1367;1785;1679;2916;2948;388;2177;777;2376;2873;1578;2749;2052;621;2093;855;3069;2453;2907;3275;2688;2742;2324;863;1311;3948;5083;2700;1166;3397;3427;3505;3856;3645;2602;3253;1013;905;828
54;4683;5254;2752;1473;1313;1029;1582;1306;3054;2332;2090;449;596;1584;234;916;0;1203;1316;1635;2769;2056;2126;2412;1731;1824;1460;2094;1558;2058;1986;2181;1843;1829;1194;1866;1327;1991;2629;2467;1451;1227;1056;1083;1230;429;1090;1256;1893;1812;1839;1925;2675;1794;2986;1717;1770;1645;1569;1587;1749;2981;3107;661;843;737;1974;2006;1133;1235;404;3121;1931;636;1807;1110;404;1151;638;2127;1511;1965;2333;1746;1800;1382;1608;2056;3006;4141;1758;460;2455;2485;2563;2914;2703;1660;2311;307;199;122
311;4243;4814;2312;2720;2560;867;2829;2553;2614;3579;1650;1460;1607;1144;1403;305;1247;0;162;481;2329;3303;3373;1972;1463;3071;2707;3341;1118;3305;3233;1741;1403;3076;754;3113;887;3238;3876;3714;2698;1065;894;921;1068;1440;650;816;3140;3059;3086;3172;2235;3041;2546;2964;3017;2892;2816;2834;2996;4228;2667;1672;2090;1984;3221;3253;693;2482;1082;2681;3178;1883;3054;2357;926;2398;1160;3374;2758;3212;3580;2993;3047;2629;1168;1616;4253;5388;3005;1471;3702;3732;3810;4161;3950;2907;3558;1318;1210;1133
312;4437;5008;2506;2914;2754;1061;3023;2747;2808;3773;1844;1654;1801;1338;1597;499;1441;201;0;616;2523;3497;3567;2166;1657;3265;2901;3535;1312;3499;3427;1935;1597;3270;948;3307;1081;3432;4070;3908;2892;1259;1088;1115;1262;1634;844;1010;3334;3253;3280;3366;2429;3235;2740;3158;3211;3086;3010;3028;3190;4422;2861;1866;2284;2178;3415;3447;887;2676;1276;2875;3372;2077;3248;2551;1120;2592;1354;3568;2952;3406;3774;3187;3241;2823;1362;1810;4447;5582;3199;1665;3896;3926;4004;4355;4144;3101;3752;1512;1404;1327
314;4636;5207;2705;3113;2953;1260;3222;2946;3007;3972;2043;1853;2000;1537;1796;698;1640;442;496;0;2722;3696;3766;2365;1856;3464;3100;3734;1511;3698;3626;2134;1796;3469;1147;3506;1280;3631;4269;4107;3091;1458;1287;1314;1461;1833;1043;1209;3533;3452;3479;3565;2628;3434;2939;3357;3410;3285;3209;3227;3389;4621;3060;2065;2483;2377;3614;3646;1086;2875;1475;3074;3571;2276;3447;2750;1319;2791;1553;3767;3151;3605;3973;3386;3440;3022;1561;2009;4646;5781;3398;1864;4095;4125;4203;4554;4343;3300;3951;1711;1603;1526
315;5371;5507;3440;4406;4246;2553;4515;4239;3742;5265;2778;3146;3293;2543;3089;2092;2933;2379;2492;2811;0;4989;5059;2665;2966;4757;4393;5027;2517;4991;4919;2869;1667;4762;2153;4799;1580;4924;5562;5400;4384;2572;2580;2607;2754;3126;2049;1944;4826;4745;4772;4858;1785;4727;3239;4650;4703;4578;4502;4520;4682;5914;2217;3358;3776;3670;4907;4939;1821;4168;2768;3809;4864;3569;4740;4043;2612;4084;2846;5060;4444;4898;5266;4679;4733;4315;2567;2744;5939;7074;4691;3157;5388;5418;5496;5847;5636;4593;5244;3004;2896;2819
317;4355;4926;2424;2961;2801;500;3070;2794;2726;3820;1762;1701;1848;1256;1644;647;1488;934;1047;1366;2441;3544;3614;2084;759;3312;2948;3582;1230;3546;3474;1853;1515;3317;866;3354;999;3479;4117;3955;2939;365;419;554;701;1681;762;928;3381;3300;3327;3413;2347;3282;2658;3205;3258;3133;3057;3075;3237;4469;2779;1913;2331;2225;3462;3494;805;2723;1323;2793;3419;2124;3295;2598;1167;2639;1401;3615;2999;3453;3821;3234;3288;2870;1280;1728;4494;5629;3246;1712;3943;3973;4051;4402;4191;3148;3799;1559;1451;1374
64;6848;7419;4917;816;755;3194;2329;2053;5219;2793;4255;2614;2761;3749;2399;3081;2165;3368;3481;3800;4934;0;70;4577;3896;1167;2207;863;3723;342;270;4346;4008;2576;3359;2613;3492;2738;1402;1240;2198;3392;3221;3248;3395;2594;3255;3421;666;557;584;772;4840;539;5151;557;502;376;529;925;1087;1726;5272;2826;1590;1484;719;1349;3298;1982;2569;5286;2678;2519;767;1508;2569;1400;2803;1822;1972;1303;1078;2493;2547;2129;3773;4221;950;4888;1453;2625;399;429;507;858;1135;1355;2006;2472;2364;2287
65;6987;7558;5056;955;894;3333;2468;2192;5358;2932;4394;2753;2900;3888;2538;3220;2304;3507;3620;3939;5073;139;0;4716;4035;1306;2346;1002;3862;481;409;4485;4147;2715;3498;2752;3631;2877;1541;1379;2337;3531;3360;3387;3534;2733;3394;3560;805;696;723;911;4979;678;5290;696;641;515;668;1064;1226;1865;5411;2965;1729;1623;858;1488;3437;2121;2708;5425;2817;2658;906;1647;2708;1539;2942;1961;2111;1442;1217;2632;2686;2268;3912;4360;880;5027;1592;2764;329;359;437;788;1274;1494;2145;2611;2503;2426
323;4901;2842;2970;3936;3776;2083;4045;3769;3272;4795;2308;2676;2823;2073;2619;1622;2463;1909;2022;2341;2552;4519;4589;0;2496;4287;3923;4557;2047;4521;4449;2399;1626;4292;1683;4329;1110;4454;5092;4930;3914;2102;2110;2137;2284;2656;1579;1474;4356;4275;4302;4388;2458;4257;574;4180;4233;4108;4032;4050;4212;5444;2890;2888;3306;3200;4437;4469;1351;3698;2298;3339;4394;3099;4270;3573;2142;3614;2376;4590;3974;4428;4796;4209;4263;3845;2097;2274;5469;6604;4221;2687;4918;4948;5026;5377;5166;4123;4774;2534;2426;2349
324;4874;5445;2943;3480;3320;789;3589;3313;3245;4339;2281;2220;2367;1775;2163;1166;2007;1453;1566;1885;2960;4063;4133;2603;0;3831;3467;4101;1749;4065;3993;2372;2034;3836;1385;3873;1518;3998;4636;4474;3458;654;708;843;990;2200;1281;1447;3900;3819;3846;3932;2866;3801;3177;3724;3777;3652;3576;3594;3756;4988;3298;2432;2850;2744;3981;4013;1324;3242;1842;3312;3938;2643;3814;3117;1686;3158;1920;4134;3518;3972;4340;3753;3807;3389;1799;2247;5013;6148;3765;2231;4462;4492;4570;4921;4710;3667;4318;2078;1970;1893
69;6584;7155;4653;399;483;2930;2065;1789;4955;2529;3991;2350;2497;3485;2135;2817;1901;3104;3217;3536;4670;1268;1338;4313;3632;0;1943;525;3459;1270;1198;4082;3744;2312;3095;2349;3228;2474;1841;1679;1934;3128;2957;2984;3131;2330;2991;3157;1105;1024;1051;1137;4576;1006;4887;929;982;857;781;799;961;2054;5008;2562;1326;1220;741;437;3034;1718;2305;5022;2414;2255;1019;1244;2305;1136;2539;1558;1708;1177;1406;2229;2283;1865;3509;3957;2218;4624;1189;2361;1667;1697;1775;2126;1915;1091;1742;2208;2100;2023
71;6150;6721;4219;1522;1362;2496;730;325;4521;2381;3557;1916;2063;3051;1701;2383;1467;2670;2783;3102;4236;2105;2175;3879;3198;1873;0;2143;3025;2107;2035;3648;3310;1501;2661;1538;2794;1663;2678;2516;1123;2694;2523;2550;2697;1896;2557;2723;1942;1861;1888;1974;4142;1843;4453;1766;1819;1694;1618;1636;1798;3030;4574;2128;892;786;2023;2055;2600;907;1871;4588;1603;1821;1856;1159;1871;1200;2105;2176;1560;2014;2382;1418;1472;338;3075;3523;3055;3813;1807;1927;2504;2534;2612;2963;2752;1709;2360;1774;1666;1589
73;6908;7479;4977;723;807;3254;2389;2113;5279;2853;4315;2674;2821;3809;2459;3141;2225;3428;3541;3860;4994;1122;1192;4637;3956;324;2267;0;3783;1163;1091;4406;4068;2636;3419;2673;3552;2798;1558;1396;2258;3452;3281;3308;3455;2654;3315;3481;822;514;740;991;4900;622;5211;703;811;711;784;1123;1285;1529;5332;2886;1650;1544;216;761;3358;2042;2629;5346;2738;2579;1022;1568;2629;1460;2863;1882;2032;1501;881;2553;2607;2189;3833;4281;2072;4948;1513;2685;1521;1551;1629;1980;1808;1415;2066;2532;2424;2347
330;4345;4916;2414;3147;2987;1294;3256;2980;2716;4006;1752;1887;2034;730;1830;833;1674;1120;1233;1552;2431;3730;3800;2074;1669;3498;3134;3768;0;3732;3660;1843;1505;3503;362;3540;989;3665;4303;4141;3125;1275;1321;1348;1495;1867;752;918;3567;3486;3513;3599;2337;3468;2648;3391;3444;3319;3243;3261;3423;4655;2769;2099;2517;2411;3648;3680;795;2909;1509;2783;3605;2310;3481;2784;1353;2825;1587;3801;3185;3639;4007;3420;3474;3056;50;1718;4680;5815;3432;1898;4129;4159;4237;4588;4377;3334;3985;1745;1637;1560
75;7003;7574;5072;971;910;3349;2484;2208;5374;2948;4410;2769;2916;3904;2554;3236;2320;3523;3636;3955;5089;479;549;4732;4051;1322;2362;1018;3878;0;180;4501;4163;2731;3514;2768;3647;2893;1557;1395;2353;3547;3376;3403;3550;2749;3410;3576;821;712;739;927;4995;694;5306;712;657;531;684;1080;1242;1881;5427;2981;1745;1639;874;1504;3453;2137;2724;5441;2833;2674;922;1663;2724;1555;2958;1977;2127;1458;1233;2648;2702;2284;3928;4376;1429;5043;1608;2780;878;908;986;1337;1045;1510;2161;2627;2519;2442
77;6823;7394;4892;791;730;3169;2304;2028;5194;2768;4230;2589;2736;3724;2374;3056;2140;3343;3456;3775;4909;299;369;4552;3871;1142;2182;838;3698;72;0;4321;3983;2551;3334;2588;3467;2713;1377;1215;2173;3367;3196;3223;3370;2569;3230;3396;641;532;559;747;4815;514;5126;532;477;351;504;900;1062;1701;5247;2801;1565;1459;694;1324;3273;1957;2544;5261;2653;2494;742;1483;2544;1375;2778;1797;1947;1278;1053;2468;2522;2104;3748;4196;1249;4863;1428;2600;698;728;806;1157;865;1330;1981;2447;2339;2262
333;2755;5111;824;3875;3715;2022;3984;3708;882;4734;162;2615;2762;2012;2558;1561;2402;1848;1961;2280;2626;4458;4528;2269;2435;4226;3862;4496;1986;4460;4388;0;1700;4231;1622;4268;1184;4393;5031;4869;3853;2041;2049;2076;2223;2595;1031;896;4295;4214;4241;4327;2532;4196;2843;4119;4172;4047;3971;3989;4151;5383;2964;2827;3245;3139;4376;4408;1008;3637;2237;1193;4333;3038;4209;3512;2081;3553;2315;4529;3913;4367;4735;4148;4202;3784;2036;108;5408;6543;4160;2626;4857;4887;4965;5316;5105;4062;4713;2473;2365;2288
334;4386;4522;2455;3421;3261;1568;3530;3254;2757;4280;1793;2161;2308;1558;2104;1107;1948;1394;1507;1826;1589;4004;4074;1680;1981;3772;3408;4042;1532;4006;3934;1884;0;3777;1168;3814;595;3939;4577;4415;3399;1587;1595;1622;1769;2141;1064;959;3841;3760;3787;3873;1495;3742;2254;3665;3718;3593;3517;3535;3697;4929;1927;2373;2791;2685;3922;3954;836;3183;1783;2824;3879;2584;3755;3058;1627;3099;1861;4075;3459;3913;4281;3694;3748;3330;1582;1759;4954;6089;3706;2172;4403;4433;4511;4862;4651;3608;4259;2019;1911;1834
79;6488;7059;4557;1860;1700;2834;1720;1444;4859;2719;3895;2254;2401;3389;2039;2721;1805;3008;3121;3440;4574;2443;2513;4217;3536;2211;1598;2481;3363;2445;2373;3986;3648;0;2999;216;3132;1076;3016;2854;536;3032;2861;2888;3035;2234;2895;3061;2280;2199;2226;2312;4480;2181;4791;2104;2157;2032;1956;1974;2136;3368;4912;2466;1230;1124;2361;2393;2938;779;2209;4926;102;2159;2194;1497;2209;1538;2443;2514;1898;2352;2720;831;885;1520;3413;3861;3393;2713;2145;2265;2842;2872;2950;3301;3090;2047;2698;2112;2004;1927
335;3983;4554;2052;2785;2625;932;2894;2618;2354;3644;1390;1525;1672;390;1468;471;1312;758;871;1190;2069;3368;3438;1712;1307;3136;2772;3406;364;3370;3298;1481;1143;3141;0;3178;627;3303;3941;3779;2763;913;959;986;1133;1505;390;556;3205;3124;3151;3237;1975;3106;2286;3029;3082;2957;2881;2899;3061;4293;2407;1737;2155;2049;3286;3318;433;2547;1147;2421;3243;1948;3119;2422;991;2463;1225;3439;2823;3277;3645;3058;3112;2694;414;1356;4318;5453;3070;1536;3767;3797;3875;4226;4015;2972;3623;1383;1275;1198
337;3791;3927;1860;2826;2666;973;2935;2659;2162;3685;1198;1566;1713;963;1509;512;1353;799;912;1231;1442;3409;3479;1085;1386;3177;2813;3447;937;3411;3339;1289;516;3182;573;3219;0;3344;3982;3820;2804;992;1000;1027;1174;1546;469;364;3246;3165;3192;3278;1348;3147;1659;3070;3123;2998;2922;2940;3102;4334;1780;1778;2196;2090;3327;3359;241;2588;1188;2229;3284;1989;3160;2463;1032;2504;1266;3480;2864;3318;3686;3099;3153;2735;987;1164;4359;5494;3111;1577;3808;3838;3916;4267;4056;3013;3664;1424;1316;1239
83;6621;7192;4690;1993;1833;2967;1853;1577;4992;2852;4028;2387;2534;3522;2172;2854;1938;3141;3254;3573;4707;2576;2646;4350;3669;2344;1731;2614;3496;2578;2506;4119;3781;1047;3132;1084;3265;0;3149;2987;669;3165;2994;3021;3168;2367;3028;3194;2413;2332;2359;2445;4613;2314;4924;2237;2290;2165;2089;2107;2269;3501;5045;2599;1363;1257;2494;2526;3071;912;2342;5059;1149;2292;2327;1630;2342;1671;2576;2647;2031;2485;2853;748;772;1653;3546;3994;3526;3359;2278;2398;2975;3005;3083;3434;3223;2180;2831;2245;2137;2060
85;7476;8047;5545;1444;1383;3822;2957;2681;5847;3421;4883;3242;3389;4377;3027;3709;2793;3996;4109;4428;5562;1424;1494;5205;4524;1645;2835;1321;4351;1465;1393;4974;4636;3204;3987;3241;4120;3366;0;108;2826;4020;3849;3876;4023;3222;3883;4049;745;1015;1042;1303;5468;997;5779;1015;1123;1013;1157;1553;1715;2184;5900;3454;2218;2112;1177;1977;3926;2610;3197;5914;3306;3147;1395;2136;3197;2028;3431;2450;2600;1931;1536;3121;3175;2757;4401;4849;2374;5516;2081;3253;1823;1853;1931;2282;2110;1983;2634;3100;2992;2915
87;7368;7939;5437;1336;1275;3714;2849;2573;5739;3313;4775;3134;3281;4269;2919;3601;2685;3888;4001;4320;5454;1316;1386;5097;4416;1537;2727;1213;4243;1357;1285;4866;4528;3096;3879;3133;4012;3258;162;0;2718;3912;3741;3768;3915;3114;3775;3941;637;907;934;1195;5360;889;5671;907;1015;905;1049;1445;1607;2076;5792;3346;2110;2004;1069;1869;3818;2502;3089;5806;3198;3039;1287;2028;3089;1920;3323;2342;2492;1823;1428;3013;3067;2649;4293;4741;2266;5408;1973;3145;1715;1745;1823;2174;2002;1875;2526;2992;2884;2807
89;5952;6523;4021;1324;1164;2298;1184;908;4323;2183;3359;1718;1865;2853;1503;2185;1269;2472;2585;2904;4038;1907;1977;3681;3000;1675;1062;1945;2827;1909;1837;3450;3112;378;2463;415;2596;540;2480;2318;0;2496;2325;2352;2499;1698;2359;2525;1744;1663;1690;1776;3944;1645;4255;1568;1621;1496;1420;1438;1600;2832;4376;1930;694;588;1825;1857;2402;243;1673;4390;480;1623;1658;961;1673;1002;1907;1978;1362;1816;2184;295;349;984;2877;3325;2857;2690;1609;1729;2306;2336;2414;2765;2554;1511;2162;1576;1468;1391
91;4452;5023;2521;3058;2898;367;3167;2891;2823;3917;1859;1798;1945;1353;1741;744;1585;1031;1144;1463;2538;3641;3711;2181;649;3409;3045;3679;1327;3643;3571;1950;1612;3414;963;3451;1096;3576;4214;4052;3036;0;140;421;568;1778;859;1025;3478;3397;3424;3510;2444;3379;2755;3302;3355;3230;3154;3172;3334;4566;2876;2010;2428;2322;3559;3591;902;2820;1420;2890;3516;2221;3392;2695;1264;2736;1498;3712;3096;3550;3918;3331;3385;2967;1377;1825;4591;5726;3343;1809;4040;4070;4148;4499;4288;3245;3896;1656;1548;1471
93;4478;5049;2547;3084;2924;304;3193;2917;2849;3943;1885;1824;1971;1379;1767;770;1611;1057;1170;1489;2564;3667;3737;2207;675;3435;3071;3705;1353;3669;3597;1976;1638;3440;989;3477;1122;3602;4240;4078;3062;171;0;344;491;1804;885;1051;3504;3423;3450;3536;2470;3405;2781;3328;3381;3256;3180;3198;3360;4592;2902;2036;2454;2348;3585;3617;928;2846;1446;2916;3542;2247;3418;2721;1290;2762;1524;3738;3122;3576;3944;3357;3411;2993;1403;1851;4617;5752;3369;1835;4066;4096;4174;4525;4314;3271;3922;1682;1574;1497
94;4775;5346;2844;3381;3221;270;3490;3214;3146;4240;2182;2121;2268;1676;2064;1067;1908;1354;1467;1786;2861;3964;4034;2504;972;3732;3368;4002;1650;3966;3894;2273;1935;3737;1286;3774;1419;3899;4537;4375;3359;468;297;0;147;2101;1182;1348;3801;3720;3747;3833;2767;3702;3078;3625;3678;3553;3477;3495;3657;4889;3199;2333;2751;2645;3882;3914;1225;3143;1743;3213;3839;2544;3715;3018;1587;3059;1821;4035;3419;3873;4241;3654;3708;3290;1700;2148;4914;6049;3666;2132;4363;4393;4471;4822;4611;3568;4219;1979;1871;1794
95;4860;5431;2929;3466;3306;355;3575;3299;3231;4325;2267;2206;2353;1761;2149;1152;1993;1439;1552;1871;2946;4049;4119;2589;1057;3817;3453;4087;1735;4051;3979;2358;2020;3822;1371;3859;1504;3984;4622;4460;3444;553;382;85;0;2186;1267;1433;3886;3805;3832;3918;2852;3787;3163;3710;3763;3638;3562;3580;3742;4974;3284;2418;2836;2730;3967;3999;1310;3228;1828;3298;3924;2629;3800;3103;1672;3144;1906;4120;3504;3958;4326;3739;3793;3375;1785;2233;4999;6134;3751;2217;4448;4478;4556;4907;4696;3653;4304;2064;1956;1879
98;4894;5465;2963;1920;1760;1240;2029;1753;3265;2779;2301;498;645;1795;603;1127;447;1414;1527;1846;2980;2503;2573;2623;1942;2271;1907;2541;1769;2505;2433;2392;2054;2276;1405;2313;1538;2438;3076;2914;1898;1438;1267;1294;1441;0;1301;1467;2340;2259;2286;2372;2886;2241;3197;2164;2217;2092;2016;2034;2196;3428;3318;710;1290;1184;2421;2453;1344;1682;615;3332;2378;1083;2254;1557;615;1598;849;2574;1958;2412;2780;2193;2247;1829;1819;2267;3453;4588;2205;671;2902;2932;3010;3361;3150;2107;2758;300;261;333
355;4028;4164;2097;3063;2903;1210;3172;2896;2399;3922;1435;1803;1950;1200;1746;749;1590;1036;1149;1468;1679;3646;3716;1322;1623;3414;3050;3684;1174;3648;3576;1526;753;3419;810;3456;237;3581;4219;4057;3041;1229;1237;1264;1411;1783;0;601;3483;3402;3429;3515;1585;3384;1896;3307;3360;3235;3159;3177;3339;4571;2017;2015;2433;2327;3564;3596;478;2825;1425;2466;3521;2226;3397;2700;1269;2741;1503;3717;3101;3555;3923;3336;3390;2972;1224;1401;4596;5731;3348;1814;4045;4075;4153;4504;4293;3250;3901;1661;1553;1476
356;3427;4215;1496;2979;2819;1126;3088;2812;1798;3838;834;1719;1866;1116;1662;665;1506;952;1065;1384;1730;3562;3632;1373;1539;3330;2966;3600;1090;3564;3492;925;804;3335;726;3372;288;3497;4135;3973;2957;1145;1153;1180;1327;1699;135;0;3399;3318;3345;3431;1636;3300;1947;3223;3276;3151;3075;3093;3255;4487;2068;1931;2349;2243;3480;3512;112;2741;1341;1865;3437;2142;3313;2616;1185;2657;1419;3633;3017;3471;3839;3252;3306;2888;1140;800;4512;5647;3264;1730;3961;3991;4069;4420;4209;3166;3817;1577;1469;1392
107;6731;7302;4800;699;638;3077;2212;1936;5102;2676;4138;2497;2644;3632;2282;2964;2048;3251;3364;3683;4817;679;749;4460;3779;900;2090;576;3606;720;648;4229;3891;2459;3242;2496;3375;2621;736;574;2081;3275;3104;3131;3278;2477;3138;3304;0;270;297;558;4723;252;5034;270;378;268;412;808;970;1439;5155;2709;1473;1367;432;1232;3181;1865;2452;5169;2561;2402;650;1391;2452;1283;2686;1705;1855;1186;791;2376;2430;2012;3656;4104;1629;4771;1336;2508;1078;1108;1186;1537;1365;1238;1889;2355;2247;2170
110;6589;7160;4658;557;496;2935;2070;1794;4960;2534;3996;2355;2502;3490;2140;2822;1906;3109;3222;3541;4675;608;678;4318;3637;630;1948;306;3464;649;577;4087;3749;2317;3100;2354;3233;2479;1044;882;1939;3133;2962;2989;3136;2335;2996;3162;308;0;226;477;4581;108;4892;189;297;197;270;666;828;1169;5013;2567;1331;1225;162;1067;3039;1723;2310;5027;2419;2260;508;1249;2310;1141;2544;1563;1713;1044;521;2234;2288;1870;3514;3962;1558;4629;1194;2366;1007;1037;1115;1466;1294;1096;1747;2213;2105;2028
111;6683;7254;4752;651;590;3029;2164;1888;5054;2628;4090;2449;2596;3584;2234;2916;2000;3203;3316;3635;4769;702;772;4412;3731;724;2042;400;3558;743;671;4181;3843;2411;3194;2448;3327;2573;1138;976;2033;3227;3056;3083;3230;2429;3090;3256;402;94;0;571;4675;202;4986;283;391;291;364;760;922;1209;5107;2661;1425;1319;256;1161;3133;1817;2404;5121;2513;2354;602;1343;2404;1235;2638;1657;1807;1138;561;2328;2382;1964;3608;4056;1652;4723;1288;2460;1101;1131;1209;1560;1388;1190;1841;2307;2199;2122
115;6764;7335;4833;732;671;3110;2245;1969;5135;2709;4171;2530;2677;3665;2315;2997;2081;3284;3397;3716;4850;932;1002;4493;3812;1083;2123;964;3639;934;862;4262;3924;2492;3275;2529;3408;2654;1503;1341;2114;3308;3137;3164;3311;2510;3171;3337;767;658;685;0;4756;474;5067;369;477;521;445;841;1003;1827;5188;2742;1506;1400;820;1265;3214;1898;2485;5202;2594;2435;683;1424;2485;1316;2719;1738;1888;1219;1179;2409;2463;2045;3689;4137;1882;4804;1369;2541;1331;1361;1439;1790;1579;1271;1922;2388;2280;2203
374;5238;5374;3307;4273;4113;2420;4382;4106;3609;5132;2645;3013;3160;2410;2956;1959;2800;2246;2359;2678;1689;4856;4926;2532;2833;4624;4260;4894;2384;4858;4786;2736;1534;4629;2020;4666;1447;4791;5429;5267;4251;2439;2447;2474;2621;2993;1916;1811;4693;4612;4639;4725;0;4594;3106;4517;4570;4445;4369;4387;4549;5781;432;3225;3643;3537;4774;4806;1688;4035;2635;3676;4731;3436;4607;3910;2479;3951;2713;4927;4311;4765;5133;4546;4600;4182;2434;2611;5806;6941;4558;3024;5255;5285;5363;5714;5503;4460;5111;2871;2763;2686
119;6481;7052;4550;449;388;2827;1962;1686;4852;2426;3888;2247;2394;3382;2032;2714;1798;3001;3114;3433;4567;519;589;4210;3529;800;1840;490;3356;560;488;3979;3641;2209;2992;2246;3125;2371;1029;867;1831;3025;2854;2881;3028;2227;2888;3054;293;184;211;369;4473;0;4784;81;189;108;162;558;720;1353;4905;2459;1223;1117;346;982;2931;1615;2202;4919;2311;2152;400;1141;2202;1033;2436;1455;1605;936;705;2126;2180;1762;3406;3854;1469;4521;1086;2258;918;948;1026;1377;1205;988;1639;2105;1997;1920
375;5509;2268;3578;4544;4384;2691;4653;4377;3880;5403;2916;3284;3431;2681;3227;2230;3071;2517;2630;2949;3160;5127;5197;608;3104;4895;4531;5165;2655;5129;5057;3007;2234;4900;2291;4937;1718;5062;5700;5538;4522;2710;2718;2745;2892;3264;2187;2082;4964;4883;4910;4996;3066;4865;0;4788;4841;4716;4640;4658;4820;6052;3498;3496;3914;3808;5045;5077;1959;4306;2906;3947;5002;3707;4878;4181;2750;4222;2984;5198;4582;5036;5404;4817;4871;4453;2705;2882;6077;7212;4829;3295;5526;5556;5634;5985;5774;4731;5382;3142;3034;2957
120;6562;7133;4631;530;469;2908;2043;1767;4933;2507;3969;2328;2475;3463;2113;2795;1879;3082;3195;3514;4648;624;694;4291;3610;881;1921;595;3437;665;593;4060;3722;2290;3073;2327;3206;2452;1134;972;1912;3106;2935;2962;3109;2308;2969;3135;398;289;316;288;4554;105;4865;0;108;213;243;639;801;1458;4986;2540;1304;1198;451;1063;3012;1696;2283;5000;2392;2233;400;1222;2283;1114;2517;1536;1686;1017;810;2207;2261;1843;3487;3935;1574;4602;1167;2339;1023;1053;1131;1482;1310;1069;1720;2186;2078;2001
121;6543;7114;4612;511;450;2889;2024;1748;4914;2488;3950;2309;2456;3444;2094;2776;1860;3063;3176;3495;4629;537;607;4272;3591;862;1902;613;3418;578;506;4041;3703;2271;3054;2308;3187;2433;1152;990;1893;3087;2916;2943;3090;2289;2950;3116;416;307;334;522;4535;289;4846;307;0;126;224;620;782;1476;4967;2521;1285;1179;469;1044;2993;1677;2264;4981;2373;2214;292;1203;2264;1095;2498;1517;1667;998;828;2188;2242;1824;3468;3916;1487;4583;1148;2320;936;966;1044;1395;1223;1050;1701;2167;2059;1982
122;6472;7043;4541;440;379;2818;1953;1677;4843;2417;3879;2238;2385;3373;2023;2705;1789;2992;3105;3424;4558;411;481;4201;3520;791;1831;487;3347;452;380;3970;3632;2200;2983;2237;3116;2362;1026;864;1822;3016;2845;2872;3019;2218;2879;3045;290;181;208;396;4464;163;4775;181;126;0;153;549;711;1350;4896;2450;1214;1108;343;973;2922;1606;2193;4910;2302;2143;391;1132;2193;1024;2427;1446;1596;927;702;2117;2171;1753;3397;3845;1361;4512;1077;2249;810;840;918;1269;1097;979;1630;2096;1988;1911
123;6319;6890;4388;287;226;2665;1800;1524;4690;2264;3726;2085;2232;3220;1870;2552;1636;2839;2952;3271;4405;487;557;4048;3367;638;1678;549;3194;489;417;3817;3479;2047;2830;2084;2963;2209;1060;898;1669;2863;2692;2719;2866;2065;2726;2892;324;243;270;356;4311;225;4622;148;201;76;0;396;558;1412;4743;2297;1061;955;405;820;2769;1453;2040;4757;2149;1990;238;979;2040;871;2274;1293;1443;774;764;1964;2018;1600;3244;3692;1437;4359;924;2096;886;916;994;1345;1134;826;1477;1943;1835;1758
124;6431;7002;4500;399;338;2777;1912;1636;4802;2376;3838;2197;2344;3332;1982;2664;1748;2951;3064;3383;4517;977;1047;4160;3479;750;1790;1020;3306;979;907;3929;3591;2159;2942;2196;3075;2321;1550;1388;1781;2975;2804;2831;2978;2177;2838;3004;814;733;760;846;4423;715;4734;638;691;566;490;0;162;1902;4855;2409;1173;1067;895;932;2881;1565;2152;4869;2261;2102;728;1091;2152;983;2386;1405;1555;378;1254;2076;2130;1712;3356;3804;1927;4471;1036;2208;1376;1406;1484;1835;1624;938;1589;2055;1947;1870
127;6635;7206;4704;603;542;2981;2116;1840;5006;2580;4042;2401;2548;3536;2186;2868;1952;3155;3268;3587;4721;1181;1251;4364;3683;954;1994;1224;3510;1183;1111;4133;3795;2363;3146;2400;3279;2525;1754;1592;1985;3179;3008;3035;3182;2381;3042;3208;1018;937;964;1050;4627;919;4938;842;895;770;694;204;0;2106;5059;2613;1377;1271;1099;1136;3085;1769;2356;5073;2465;2306;932;1295;2356;1187;2590;1609;1759;216;1458;2280;2334;1916;3560;4008;2131;4675;1240;2412;1580;1610;1688;2039;1828;1142;1793;2259;2151;2074
390;8023;8594;6092;1991;1930;4369;3504;3228;6394;3968;5430;3789;3936;4924;3574;4256;3340;4543;4656;4975;6109;2042;2112;5752;5071;2064;3382;1740;4898;2083;2011;5521;5183;3751;4534;3788;4667;3913;2478;2316;3373;4567;4396;4423;4570;3769;4430;4596;1742;1434;1406;1911;6015;1542;6326;1623;1731;1631;1704;2100;2262;0;6447;4001;2765;2659;1596;2501;4473;3157;3744;6461;3853;3694;1942;2683;3744;2575;3978;2997;3147;2478;702;3668;3722;3304;4948;5396;2992;6063;2628;3800;2441;2471;2549;2900;2728;2530;3181;3647;3539;3462
392;5616;5752;3685;4651;4491;2798;4760;4484;3987;5510;3023;3391;3538;2788;3334;2337;3178;2624;2737;3056;2067;5234;5304;2910;3211;5002;4638;5272;2762;5236;5164;3114;1912;5007;2398;5044;1825;5169;5807;5645;4629;2817;2825;2852;2999;3371;2294;2189;5071;4990;5017;5103;378;4972;3484;4895;4948;4823;4747;4765;4927;6159;0;3603;4021;3915;5152;5184;2066;4413;3013;4054;5109;3814;4985;4288;2857;4329;3091;5305;4689;5143;5511;4924;4978;4560;2812;2989;6184;7319;4936;3402;5633;5663;5741;6092;5881;4838;5489;3249;3141;3064
137;5040;5611;3109;2066;1906;1386;2175;1899;3411;2925;2447;227;68;1941;749;1273;593;1560;1673;1992;3126;2649;2719;2769;2088;2417;2053;2687;1915;2651;2579;2538;2200;2422;1551;2459;1684;2584;3222;3060;2044;1584;1413;1440;1587;637;1447;1613;2486;2405;2432;2518;3032;2387;3343;2310;2363;2238;2162;2180;2342;3574;3464;0;1436;1330;2567;2599;1490;1828;761;3478;2524;1229;2400;1703;761;1744;995;2720;2104;2558;2926;2339;2393;1975;1965;2413;3599;4734;2351;817;3048;3078;3156;3507;3296;2253;2904;436;407;479
401;5364;5935;3433;736;576;1710;845;569;3735;1595;2771;1130;1277;2265;915;1597;681;1884;1997;2316;3450;1319;1389;3093;2412;1087;723;1357;2239;1321;1249;2862;2524;1092;1875;1129;2008;1254;1892;1730;714;1908;1737;1764;1911;1110;1771;1937;1156;1075;1102;1188;3356;1057;3667;980;1033;908;832;850;1012;2244;3788;1342;106;0;1237;1269;1814;498;1085;3802;1194;1035;1070;373;1085;414;1319;1390;774;1228;1596;1009;1063;645;2289;2737;2269;3404;1021;1141;1718;1748;1826;2177;1966;923;1574;988;880;803
402;6887;7458;4956;855;794;3233;2368;2092;5258;2832;4294;2653;2800;3788;2438;3120;2204;3407;3520;3839;4973;906;976;4616;3935;468;2246;144;3762;947;875;4385;4047;2615;3398;2652;3531;2777;1342;1180;2237;3431;3260;3287;3434;2633;3294;3460;606;298;524;775;4879;406;5190;487;595;495;568;964;1126;1313;5311;2865;1629;1523;0;905;3337;2021;2608;5325;2717;2558;806;1547;2608;1439;2842;1861;2011;1342;665;2532;2586;2168;3812;4260;1856;4927;1492;2664;1305;1335;1413;1764;1592;1394;2045;2511;2403;2326
156;6707;7278;4776;522;606;3053;2188;1912;5078;2652;4114;2473;2620;3608;2258;2940;2024;3227;3340;3659;4793;1391;1461;4436;3755;378;2066;648;3582;1393;1321;4205;3867;2435;3218;2472;3351;2597;1964;1802;2057;3251;3080;3107;3254;2453;3114;3280;1228;1147;1174;1260;4699;1129;5010;1052;1105;980;904;922;1084;2177;5131;2685;1449;1343;864;0;3157;1841;2428;5145;2537;2378;1142;1367;2428;1259;2662;1681;1831;1300;1529;2352;2406;1988;3632;4080;2341;4747;1312;2484;1790;1820;1898;2249;2038;1214;1865;2331;2223;2146
417;3550;4180;1619;2867;2707;1014;2976;2700;1921;3726;957;1607;1754;1004;1550;553;1394;840;953;1272;1695;3450;3520;1338;1427;3218;2854;3488;978;3452;3380;1048;769;3223;614;3260;253;3385;4023;3861;2845;1033;1041;1068;1215;1587;258;123;3287;3206;3233;3319;1601;3188;1912;3111;3164;3039;2963;2981;3143;4375;2033;1819;2237;2131;3368;3400;0;2629;1229;1988;3325;2030;3201;2504;1073;2545;1307;3521;2905;3359;3727;3140;3194;2776;1028;923;4400;5535;3152;1618;3849;3879;3957;4308;4097;3054;3705;1465;1357;1280
162;5837;6408;3906;1209;1049;2183;941;665;4208;2068;3244;1603;1750;2738;1388;2070;1154;2357;2470;2789;3923;1792;1862;3566;2885;1560;819;1830;2712;1794;1722;3335;2997;594;2348;631;2481;756;2365;2203;216;2381;2210;2237;2384;1583;2244;2410;1629;1548;1575;1661;3829;1530;4140;1453;1506;1381;1305;1323;1485;2717;4261;1815;579;473;1710;1742;2287;0;1558;4275;696;1508;1543;846;1558;887;1792;1863;1247;1701;2069;511;565;741;2762;3210;2742;2906;1494;1614;2191;2221;2299;2650;2439;1396;2047;1461;1353;1276
164;4455;5026;2524;1821;1661;801;1930;1654;2826;2680;1862;561;708;1356;504;688;348;975;1088;1407;2541;2404;2474;2184;1503;2172;1808;2442;1330;2406;2334;1953;1615;2177;966;2214;1099;2339;2977;2815;1799;999;828;855;1002;541;862;1028;2241;2160;2187;2273;2447;2142;2758;2065;2118;1993;1917;1935;2097;3329;2879;773;1191;1085;2322;2354;905;1583;0;2893;2279;984;2155;1458;270;1499;504;2475;1859;2313;2681;2094;2148;1730;1380;1828;3354;4489;2106;572;2803;2833;2911;3262;3051;2008;2659;419;311;234
425;3678;6099;1747;4863;4703;3010;4972;4696;2170;5722;1085;3603;3750;3000;3546;2549;3390;2836;2949;3268;3614;5446;5516;3257;3423;5214;4850;5484;2974;5448;5376;1297;2688;5219;2610;5256;2172;5381;6019;5857;4841;3029;3037;3064;3211;3583;2019;1884;5283;5202;5229;5315;3520;5184;3831;5107;5160;5035;4959;4977;5139;6371;3952;3815;4233;4127;5364;5396;1996;4625;3225;0;5321;4026;5197;4500;3069;4541;3303;5517;4901;5355;5723;5136;5190;4772;3024;1172;6396;7531;5148;3614;5845;5875;5953;6304;6093;5050;5701;3461;3353;3276
427;6386;6957;4455;1758;1598;2732;1618;1342;4757;2617;3793;2152;2299;3287;1937;2619;1703;2906;3019;3338;4472;2341;2411;4115;3434;2109;1496;2379;3261;2343;2271;3884;3546;90;2897;114;3030;974;2914;2752;434;2930;2759;2786;2933;2132;2793;2959;2178;2097;2124;2210;4378;2079;4689;2002;2055;1930;1854;1872;2034;3266;4810;2364;1128;1022;2259;2291;2836;677;2107;4824;0;2057;2092;1395;2107;1436;2341;2412;1796;2250;2618;729;783;1418;3311;3759;3291;2611;2043;2163;2740;2770;2848;3199;2988;1945;2596;2010;1902;1825
428;5092;5663;3161;1699;1539;1438;1808;1532;3463;2558;2499;858;1005;1993;643;1325;409;1612;1725;2044;3178;2282;2352;2821;2140;2050;1686;2320;1967;2284;2212;2590;2252;2055;1603;2092;1736;2217;2855;2693;1677;1636;1465;1492;1639;838;1499;1665;2119;2038;2065;2151;3084;2020;3395;1943;1996;1871;1795;1813;1975;3207;3516;1070;1069;963;2200;2232;1542;1461;813;3530;2157;0;2033;1336;813;1377;1047;2353;1737;2191;2559;1972;2026;1608;2017;2465;3232;4367;1984;869;2681;2711;2789;3140;2929;1886;2537;716;608;531
431;6689;7260;4758;657;596;3035;2170;1894;5060;2634;4096;2455;2602;3590;2240;2922;2006;3209;3322;3641;4775;768;838;4418;3737;1008;2048;739;3564;809;737;4187;3849;2417;3200;2454;3333;2579;1278;1116;2039;3233;3062;3089;3236;2435;3096;3262;542;433;460;432;4681;249;4992;144;252;357;370;766;928;1602;5113;2667;1431;1325;595;1190;3139;1823;2410;5127;2519;2360;0;1349;2410;1241;2644;1663;1813;1144;954;2334;2388;1970;3614;4062;1718;4729;1294;2466;1167;1197;1275;1626;1454;1196;1847;2313;2205;2128
436;5711;6282;3780;1083;923;2057;1192;916;4082;1285;3118;1477;1624;2612;1262;1944;1028;2231;2344;2663;3797;1666;1736;3440;2759;1434;1070;1704;2586;1668;1596;3209;2871;1439;2222;1476;2355;1601;2239;2077;1061;2255;2084;2111;2258;1457;2118;2284;1503;1422;1449;1535;3703;1404;4014;1327;1380;1255;1179;1197;1359;2591;4135;1689;453;347;1584;1616;2161;845;1432;4149;1541;1382;1417;0;1432;761;1666;1737;464;1575;1943;1356;1410;992;2636;3084;2616;3751;1368;1488;2065;2095;2173;2524;2313;1270;1921;1335;1227;1150
180;4403;4974;2472;1918;1758;749;2027;1751;2774;2777;1810;658;805;1304;601;636;445;923;1036;1355;2489;2501;2571;2132;1451;2269;1905;2539;1278;2503;2431;1901;1563;2274;914;2311;1047;2436;3074;2912;1896;947;776;803;950;638;810;976;2338;2257;2284;2370;2395;2239;2706;2162;2215;2090;2014;2032;2194;3426;2827;870;1288;1182;2419;2451;853;1680;314;2841;2376;1081;2252;1555;0;1596;234;2572;1956;2410;2778;2191;2245;1827;1328;1776;3451;4586;2203;669;2900;2930;3008;3359;3148;2105;2756;516;408;331
437;5772;6343;3841;646;486;2118;1253;977;4143;1717;3179;1538;1685;2673;1323;2005;1089;2292;2405;2724;3858;1229;1299;3501;2820;997;1131;1267;2647;1231;1159;3270;2932;1500;2283;1537;2416;1662;1802;1640;1122;2316;2145;2172;2319;1518;2179;2345;1066;985;1012;1098;3764;967;4075;890;943;818;742;760;922;2154;4196;1750;514;408;1147;1179;2222;906;1493;4210;1602;1443;980;432;1493;0;1727;1300;896;1138;1506;1417;1471;1053;2697;3145;2179;3812;931;1549;1628;1658;1736;2087;1876;833;1484;1396;1288;1211
181;4642;5213;2711;2157;1997;988;2266;1990;3013;3016;2049;897;1044;1543;840;875;684;1162;1275;1594;2728;2740;2810;2371;1690;2508;2144;2778;1517;2742;2670;2140;1802;2513;1153;2550;1286;2675;3313;3151;2135;1186;1015;1042;1189;877;1049;1215;2577;2496;2523;2609;2634;2478;2945;2401;2454;2329;2253;2271;2433;3665;3066;1109;1527;1421;2658;2690;1092;1919;553;3080;2615;1320;2491;1794;239;1835;0;2811;2195;2649;3017;2430;2484;2066;1567;2015;3690;4825;2442;908;3139;3169;3247;3598;3387;2344;2995;755;647;570
439;6854;7425;4923;1174;1014;3200;2335;2059;5225;2799;4261;2620;2767;3755;2405;3087;2171;3374;3487;3806;4940;1757;1827;4583;3902;1525;2213;1795;3729;1759;1687;4352;4014;2582;3365;2619;3498;2744;2330;2168;2204;3398;3227;3254;3401;2600;3261;3427;1594;1513;1540;1626;4846;1495;5157;1418;1471;1346;1270;1288;1450;2682;5278;2832;1596;1490;1675;1707;3304;1988;2575;5292;2684;2525;1508;1514;2575;1406;2809;0;1978;1666;2034;2499;2553;2135;3779;4227;2707;4894;1207;2631;2156;2186;2264;2615;2404;1297;184;2478;2370;2293
449;6833;7404;4902;801;740;3179;2314;2038;5204;2778;4240;2599;2746;3734;2384;3066;2150;3353;3466;3785;4919;1379;1449;4562;3881;1152;2192;1422;3708;1381;1309;4331;3993;2561;3344;2598;3477;2723;1952;1790;2183;3377;3206;3233;3380;2579;3240;3406;1216;1135;1162;1248;4825;1117;5136;1040;1093;968;892;402;198;2304;5257;2811;1575;1469;1297;1334;3283;1967;2554;5271;2663;2504;1130;1493;2554;1385;2788;1807;1957;0;1656;2478;2532;2114;3758;4206;2329;4873;1438;2610;1778;1808;1886;2237;2026;1340;1991;2457;2349;2272
193;7321;7892;5390;1289;1228;3667;2802;2526;5692;3266;4728;3087;3234;4222;2872;3554;2638;3841;3954;4273;5407;1340;1410;5050;4369;1362;2680;1038;4196;1381;1309;4819;4481;3049;3832;3086;3965;3211;1776;1614;2671;3865;3694;3721;3868;3067;3728;3894;1040;732;704;1209;5313;840;5624;921;1029;929;1002;1398;1560;648;5745;3299;2063;1957;894;1799;3771;2455;3042;5759;3151;2992;1240;1981;3042;1873;3276;2295;2445;1776;0;2966;3020;2602;4246;4694;2290;5361;1926;3098;1739;1769;1847;2198;2026;1828;2479;2945;2837;2760
198;6380;6951;4449;1752;1592;2726;1612;1336;4751;2611;3787;2146;2293;3281;1931;2613;1697;2900;3013;3332;4466;2335;2405;4109;3428;2103;1490;2373;3255;2337;2265;3878;3540;806;2891;843;3024;752;2908;2746;428;2924;2753;2780;2927;2126;2787;2953;2172;2091;2118;2204;4372;2073;4683;1996;2049;1924;1848;1866;2028;3260;4804;2358;1122;1016;2253;2285;2830;671;2101;4818;908;2051;2086;1389;2101;1430;2335;2406;1790;2244;2612;72;0;1412;3305;3753;3285;3118;2037;2157;2734;2764;2842;3193;2982;1939;2590;2004;1896;1819
460;2147483647;2147483647;2147483647;2147483647;2147483647;2147483647;2147483647;2147483647;2147483647;2147483647;2147483647;2147483647;2147483647;2147483647;2147483647;2147483647;2147483647;2147483647;2147483647;2147483647;2147483647;2147483647;2147483647;2147483647;2147483647;2147483647;2147483647;2147483647;2147483647;2147483647;2147483647;2147483647;2147483647;2147483647;2147483647;2147483647;2147483647;2147483647;2147483647;2147483647;2147483647;2147483647;2147483647;2147483647;2147483647;2147483647;2147483647;2147483647;2147483647;2147483647;2147483647;2147483647;2147483647;2147483647;2147483647;2147483647;2147483647;2147483647;2147483647;2147483647;2147483647;2147483647;2147483647;2147483647;2147483647;2147483647;2147483647;2147483647;2147483647;2147483647;2147483647;2147483647;2147483647;2147483647;2147483647;2147483647;2147483647;2147483647;2147483647;2147483647;2147483647;2147483647;2147483647;2147483647;2147483647;2147483647;2147483647;2147483647;2147483647;2147483647;2147483647;2147483647;2147483647;2147483647;2147483647;2147483647;2147483647;2147483647;2147483647;2147483647;2147483647;2147483647
211;5998;6569;4067;1370;1210;2344;578;68;4369;2229;3405;1764;1911;2899;1549;2231;1315;2518;2631;2950;4084;1953;2023;3727;3046;1721;360;1991;2873;1955;1883;3496;3158;1349;2509;1386;2642;1511;2526;2364;971;2542;2371;2398;2545;1744;2405;2571;1790;1709;1736;1822;3990;1691;4301;1614;1667;1542;1466;1484;1646;2878;4422;1976;740;634;1871;1903;2448;755;1719;4436;1451;1669;1704;1007;1719;1048;1953;2024;1408;1862;2230;1266;1320;0;2923;3371;2903;3661;1655;1775;2352;2382;2460;2811;2600;1557;2208;1622;1514;1437
468;4482;5053;2551;3284;3124;1431;3393;3117;2853;4143;1889;2024;2171;867;1967;970;1811;1257;1370;1689;2568;3867;3937;2211;1806;3635;3271;3905;137;3869;3797;1980;1642;3640;499;3677;1126;3802;4440;4278;3262;1412;1458;1485;1632;2004;889;1055;3704;3623;3650;3736;2474;3605;2785;3528;3581;3456;3380;3398;3560;4792;2906;2236;2654;2548;3785;3817;932;3046;1646;2920;3742;2447;3618;2921;1490;2962;1724;3938;3322;3776;4144;3557;3611;3193;0;1855;4817;5952;3569;2035;4266;4296;4374;4725;4514;3471;4122;1882;1774;1697
469;2647;5003;716;3767;3607;1914;3876;3600;998;4626;54;2507;2654;1904;2450;1453;2294;1740;1853;2172;2518;4350;4420;2161;2327;4118;3754;4388;1878;4352;4280;125;1592;4123;1514;4160;1076;4285;4923;4761;3745;1933;1941;1968;2115;2487;923;788;4187;4106;4133;4219;2424;4088;2735;4011;4064;3939;3863;3881;4043;5275;2856;2719;3137;3031;4268;4300;900;3529;2129;1085;4225;2930;4101;3404;1973;3445;2207;4421;3805;4259;4627;4040;4094;3676;1928;0;5300;6435;4052;2518;4749;4779;4857;5208;4997;3954;4605;2365;2257;2180
216;7840;8411;5909;1808;1747;4186;3321;3045;6211;3785;5247;3606;3753;4741;3391;4073;3157;4360;4473;4792;5926;992;853;5569;4888;2159;3199;1855;4715;1334;1262;5338;5000;3568;4351;3605;4484;3730;2394;2232;3190;4384;4213;4240;4387;3586;4247;4413;1658;1549;1576;1764;5832;1531;6143;1549;1494;1368;1521;1917;2079;2718;6264;3818;2582;2476;1711;2341;4290;2974;3561;6278;3670;3511;1759;2500;3561;2392;3795;2814;2964;2295;2070;3485;3539;3121;4765;5213;0;5880;2445;3617;594;486;564;915;2127;2347;2998;3464;3356;3279
220;8553;9124;6622;3925;3765;4899;3785;3509;6924;4784;5960;4319;4466;5454;4104;4786;3870;5073;5186;5505;6639;4508;4578;6282;5601;4276;3663;4546;5428;4510;4438;6051;5713;2587;5064;2443;5197;3141;5081;4919;2601;5097;4926;4953;5100;4299;4960;5126;4345;4264;4291;4377;6545;4246;6856;4169;4222;4097;4021;4039;4201;5433;6977;4531;3295;3189;4426;4458;5003;2844;4274;6991;2497;4224;4259;3562;4274;3603;4508;4579;3963;4417;4785;2896;2950;3585;5478;5926;5458;0;4210;4330;4907;4937;5015;5366;5155;4112;4763;4177;4069;3992
221;6464;7035;4533;784;624;2810;1945;1669;4835;2409;3871;2230;2377;3365;2015;2697;1781;2984;3097;3416;4550;1367;1437;4193;3512;1135;1823;1405;3339;1369;1297;3962;3624;2192;2975;2229;3108;2354;1940;1778;1814;3008;2837;2864;3011;2210;2871;3037;1204;1123;1150;1236;4456;1105;4767;1028;1081;956;880;898;1060;2292;4888;2442;1206;1100;1285;1317;2914;1598;2185;4902;2294;2135;1118;1124;2185;1016;2419;1186;1588;1276;1644;2109;2163;1745;3389;3837;2317;4504;0;2241;1766;1796;1874;2225;2014;907;1370;2088;1980;1903
223;4953;5524;3022;1979;1819;1299;2088;1812;3324;2838;2360;719;866;1854;662;1186;506;1473;1586;1905;3039;2562;2632;2682;2001;2330;1966;2600;1828;2564;2492;2451;2113;2335;1464;2372;1597;2497;3135;2973;1957;1497;1326;1353;1500;699;1360;1526;2399;2318;2345;2431;2945;2300;3256;2223;2276;2151;2075;2093;2255;3487;3377;931;1349;1243;2480;2512;1403;1741;674;3391;2437;1142;2313;1616;674;1657;908;2633;2017;2471;2839;2252;2306;1888;1878;2326;3512;4647;2264;0;2961;2991;3069;3420;3209;2166;2817;577;469;392
229;7462;8033;5531;1430;1369;3808;2943;2667;5833;3407;4869;3228;3375;4363;3013;3695;2779;3982;4095;4414;5548;614;475;5191;4510;1781;2821;1477;4337;956;884;4960;4622;3190;3973;3227;4106;3352;2016;1854;2812;4006;3835;3862;4009;3208;3869;4035;1280;1171;1198;1386;5454;1153;5765;1171;1116;990;1143;1539;1701;2340;5886;3440;2204;2098;1333;1963;3912;2596;3183;5900;3292;3133;1381;2122;3183;2014;3417;2436;2586;1917;1692;3107;3161;2743;4387;4835;629;5502;2067;3239;0;108;186;537;1749;1969;2620;3086;2978;2901
231;7354;7925;5423;1322;1261;3700;2835;2559;5725;3299;4761;3120;3267;4255;2905;3587;2671;3874;3987;4306;5440;506;367;5083;4402;1673;2713;1369;4229;848;776;4852;4514;3082;3865;3119;3998;3244;1908;1746;2704;3898;3727;3754;3901;3100;3761;3927;1172;1063;1090;1278;5346;1045;5657;1063;1008;882;1035;1431;1593;2232;5778;3332;2096;1990;1225;1855;3804;2488;3075;5792;3184;3025;1273;2014;3075;1906;3309;2328;2478;1809;1584;2999;3053;2635;4279;4727;521;5394;1959;3131;108;0;78;429;1641;1861;2512;2978;2870;2793
232;7435;8006;5504;1403;1342;3781;2916;2640;5806;3380;4842;3201;3348;4336;2986;3668;2752;3955;4068;4387;5521;587;448;5164;4483;1754;2794;1450;4310;929;857;4933;4595;3163;3946;3200;4079;3325;1989;1827;2785;3979;3808;3835;3982;3181;3842;4008;1253;1144;1171;1359;5427;1126;5738;1144;1089;963;1116;1512;1674;2313;5859;3413;2177;2071;1306;1936;3885;2569;3156;5873;3265;3106;1354;2095;3156;1987;3390;2409;2559;1890;1665;3080;3134;2716;4360;4808;602;5475;2040;3212;189;81;0;351;1722;1942;2593;3059;2951;2874
234;7853;8424;5922;1821;1760;4199;3334;3058;6224;3798;5260;3619;3766;4754;3404;4086;3170;4373;4486;4805;5939;1005;866;5582;4901;2172;3212;1868;4728;1347;1275;5351;5013;3581;4364;3618;4497;3743;2407;2245;3203;4397;4226;4253;4400;3599;4260;4426;1671;1562;1589;1777;5845;1544;6156;1562;1507;1381;1534;1930;2092;2731;6277;3831;2595;2489;1724;2354;4303;2987;3574;6291;3683;3524;1772;2513;3574;2405;3808;2827;2977;2308;2083;3498;3552;3134;4778;5226;1020;5893;2458;3630;607;499;418;0;2140;2360;3011;3477;3369;3292
236;7712;8283;5781;1680;1619;4058;3193;2917;6083;3657;5119;3478;3625;4613;3263;3945;3029;4232;4345;4664;5798;1188;1258;5441;4760;2031;3071;1727;4587;1017;945;5210;4872;3440;4223;3477;4356;3602;2266;2104;3062;4256;4085;4112;4259;3458;4119;4285;1530;1421;1448;1636;5704;1403;6015;1421;1366;1240;1393;1789;1951;2590;6136;3690;2454;2348;1583;2213;4162;2846;3433;6150;3542;3383;1631;2372;3433;2264;3667;2686;2836;2167;1942;3357;3411;2993;4637;5085;2138;5752;2317;3489;1587;1617;1695;2046;0;2219;2870;3336;3228;3151
239;6434;7005;4503;754;594;2780;1915;1639;4805;2379;3841;2200;2347;3335;1985;2667;1751;2954;3067;3386;4520;1337;1407;4163;3482;1105;1793;1375;3309;1339;1267;3932;3594;2162;2945;2199;3078;2324;1910;1748;1784;2978;2807;2834;2981;2180;2841;3007;1174;1093;1120;1206;4426;1075;4737;998;1051;926;850;868;1030;2262;4858;2412;1176;1070;1255;1287;2884;1568;2155;4872;2264;2105;1088;1094;2155;986;2389;1274;1558;1246;1614;2079;2133;1715;3359;3807;2287;4474;905;2211;1736;1766;1844;2195;1984;0;1458;2058;1950;1873
244;7005;7576;5074;1325;1165;3351;2486;2210;5376;2950;4412;2771;2918;3906;2556;3238;2322;3525;3638;3957;5091;1908;1978;4734;4053;1676;2364;1946;3880;1910;1838;4503;4165;2733;3516;2770;3649;2895;2481;2319;2355;3549;3378;3405;3552;2751;3412;3578;1745;1664;1691;1777;4997;1646;5308;1569;1622;1497;1421;1439;1601;2833;5429;2983;1747;1641;1826;1858;3455;2139;2726;5443;2835;2676;1659;1665;2726;1557;2960;151;2129;1817;2185;2650;2704;2286;3930;4378;2858;5045;1358;2782;2307;2337;2415;2766;2555;1448;0;2629;2521;2444
249;4741;5312;2810;1767;1607;1087;1876;1600;3112;2626;2148;198;345;1642;450;974;294;1261;1374;1693;2827;2350;2420;2470;1789;2118;1754;2388;1616;2352;2280;2239;1901;2123;1252;2160;1385;2285;2923;2761;1745;1285;1114;1141;1288;248;1148;1314;2187;2106;2133;2219;2733;2088;3044;2011;2064;1939;1863;1881;2043;3275;3165;410;1137;1031;2268;2300;1191;1529;462;3179;2225;930;2101;1404;462;1445;696;2421;1805;2259;2627;2040;2094;1676;1666;2114;3300;4435;2052;518;2749;2779;2857;3208;2997;1954;2605;0;108;180
250;4633;5204;2702;1659;1499;979;1768;1492;3004;2518;2040;250;397;1534;342;866;186;1153;1266;1585;2719;2242;2312;2362;1681;2010;1646;2280;1508;2244;2172;2131;1793;2015;1144;2052;1277;2177;2815;2653;1637;1177;1006;1033;1180;230;1040;1206;2079;1998;2025;2111;2625;1980;2936;1903;1956;1831;1755;1773;1935;3167;3057;462;1029;923;2160;2192;1083;1421;354;3071;2117;822;1993;1296;354;1337;588;2313;1697;2151;2519;1932;1986;1568;1558;2006;3192;4327;1944;410;2641;2671;2749;3100;2889;1846;2497;108;0;72
251;4561;5132;2630;1587;1427;907;1696;1420;2932;2446;1968;327;474;1462;270;794;114;1081;1194;1513;2647;2170;2240;2290;1609;1938;1574;2208;1436;2172;2100;2059;1721;1943;1072;1980;1205;2105;2743;2581;1565;1105;934;961;1108;307;968;1134;2007;1926;1953;2039;2553;1908;2864;1831;1884;1759;1683;1701;1863;3095;2985;539;957;851;2088;2120;1011;1349;282;2999;2045;750;1921;1224;282;1265;516;2241;1625;2079;2447;1860;1914;1496;1486;1934;3120;4255;1872;338;2569;2599;2677;3028;2817;1774;2425;185;77;0
